{
    "providers":[
        {
	        "type": "bitmap",
	        "file": "minecraft:font/bar1f.png",
	        "ascent": -40,
	        "height": 20,
	        "chars": [
	            "\uE000"
	        ]
	    },
		{
	        "type": "bitmap",
	        "file": "minecraft:font/bar2f.png",
	        "ascent": -40,
	        "height": 20,
	        "chars": [
	            "\uE001"
	        ]
	    },
		{
	        "type": "bitmap",
	        "file": "minecraft:font/bar3f.png",
	        "ascent": -40,
	        "height": 20,
	        "chars": [
	            "\uE002"
	        ]
	    },
		{
	        "type": "bitmap",
	        "file": "minecraft:font/bar3e.png",
	        "ascent": -40,
	        "height": 20,
	        "chars": [
	            "\uE003"
	        ]
	    },
		{
	        "type": "bitmap",
	        "file": "minecraft:font/bar2e.png",
	        "ascent": -40,
	        "height": 20,
	        "chars": [
	            "\uE004"
	        ]
	    },
		{
	        "type": "bitmap",
	        "file": "minecraft:font/bar1e.png",
	        "ascent": -40,
	        "height": 20,
	        "chars": [
	            "\uE005"
	        ]
	    },
		{
	        "type": "bitmap",
	        "file": "minecraft:font/bar4f.png",
	        "ascent": -40,
	        "height": 20,
	        "chars": [
	            "\uE006"
	        ]
	    },
		{
	        "type": "bitmap",
	        "file": "minecraft:font/bar4e.png",
	        "ascent": -40,
	        "height": 20,
	        "chars": [
	            "\uE007"
	        ]
	    }
    ]
}